	names	category_names	prices	notCorrect
0	布魯斯全新304不鏽鋼十字扁平頭螺絲M2x5mmM25	其他緊固件	1	0
1	SUZUKI越野摩托車機車騎士騎行帽棒球帽賽車帽鴨舌帽露天拍賣	其他	200	0
2	CardMasterIKO依克黎洛格凌群系_RaugrinTriome中英日	魔法風雲會	400	0
3	SFC日版SUPERGAMEBOYＧＢ外盒破損41455128		130	0
4	買一送一跳跳球閃光跳小孩男孩女孩跳環圈單腿蹦蹦甩腳球兒童玩具	其他	86	0
5	老羊樂器店開發票可彎折A型架摺疊架吉他架烏克麗麗架電吉他架樂器架吉他配件	吉他配件	250	0
6	小米家-現貨ZMI紫米官網商品ZMI10000mAh雙向快充移動電源高配版，18W雙向快充雙口輸入輸出	其他家電	635	0
7	樂遊玩具批發FZERO海賊王超激戰三大將波魯薩利諾黃猿現貨	其他	1350	0
8	桌球孤鷹YASAKAYEO中直馬琳yeo新貨到	桌球拍	1290	0
9	G1DS13-JPL42托勒密梅西耶M7星聖金亮	遊戲王	30	0
10	正原廠PanasonicCR2330CR1025BR1225替代CR1225松下CR002	Panasonic 國際	40	0
11	南極人涼席冰絲席三件套雙人可機洗可折疊席冰絲涼蓆涼感床墊空調軟席加大冰絲涼蓆卡通提花折疊冰絲涼席透氣	其他蓆類	261	0
12	全新現貨原價290佛教的法器ISBN:957825489X│全佛	佛教	246	0
13	馬亞卡鋪-日紙SD40-JP027冰結界的晶壁普卡碎鑽	遊戲王	5	0
14	ALG卡牌專門MIC黯夜獵蹤指揮官ProwlingGeistcatcher流蕩遊魂捕捉客英日文擴圖	魔法風雲會	30	0
15	創見DDR3160015V4GX2=8G雙面顆粒,桌上型2隻4G共8G一次標面交三峽地區	DDR3 SDRAM	400	0
16	廠家直銷水滴型矽膠義乳偽娘變裝義乳術後義乳仿真假乳房假胸	道具、飾品配件	398	0
17	５號雜貨屋＊現貨16U型支架12吋用B款芭比肯尼可用	支架.地台	80	0
18	魅影防摔保護殼SamsungGalaxyA8201856吋支架手機殼	A、M、N系列	190	0
19	現貨供應日本空運日本全家限定數量限定至福的時刻-小巧克力派贅x06ca2;的奶油焦糖風味	其他	170	0
20	364430C倉庫無源調音板前級板前置板高低調節音調板HIFI發燒級成品W313-191210364430	其他	48	0
21	正品JoMalone祖馬龍香薰蠟燭祖瑪瓏藍風鈴英國梨香氛200g禮盒裝	香爐、香品	1650	0
22	茗若居普洱茶2015年福鼎恒順昌茶葉有限公司魅粒芊芊白牡丹巧克力型白茶磚精美盒裝單磚100公克	普洱茶	200	0
23	鬧鬧WS單卡部FdyW65-035C富士見Fantasia文庫卡片卡牌收藏卡	其他紙牌遊戲	15	0
24	月界二手書店總裁愛上嬌妻－原書名：疼妳七年如一日絕版_莫霖_龍吟_口袋小說_自有書_原價49　x03016;言情小說x03017;CHW	其他	29	0
25	脫坑絕版含運現貨ThreezeroROBOCOP機器戰警–ROBOCOP30機器戰警30版Ver	Three A	5000	0
26	V1912好想自己做衣服吳玉真著愛生活2017年	古書善本	240	0
27	橡皮擦	其他	100	0
28	通販代購武士道ECBanGDream合同LIVE壓克力立牌Poppin’Party單售可挑款0312	精品配件	740	0
29	汽車座椅收納盒縫隙儲物盒置物袋盒垃圾跨境車載儲物箱皮革水杯架GC-TOP	其他汽車精品	364	0
30	T2762日本寫真x030ca;x030c4;x030cf;x030eb;x030ca;！　荒井暖菜	日本	30	0
31	AC110220V無線遙控開關遠距離水泵電燈具大功率遙控開關	電子電工工具	160	0
32	幼幼班草莓苗草莓種子日本-奈良-古都華草莓特價一份30粒	種子、球根	60	0
33	醬小屋遊戲王DBGI-JP026龍輝巧天棓四γ普卡	遊戲王	3	0
34	艾思黛拉A0094現貨DP轉VGAdisplayporttoVGA轉換器轉接頭	螢幕線	129	0
35	中古良品DeAGOSTINI172第二次世界大戰傑作機_No97德國空軍Fw190A日本陸軍輸入機	軍用機	580	0
36	蔬菜之家G42巧克力甜椒種子3顆美國進口種子巧克力色,可當料理或擺設	種子、球根	12	0
37	日版刀劍神域劇場版序列爭戰晴空塔限定吊飾立牌亞絲娜尤娜西莉卡莉茲	其他	102	0
38	萬金喵二手書店全新書CanonEOS7DMarkII數位單眼相機完全解析尖端R11HKCC2	攝影	250	0
39	WB-2467日本無修正無毛／巨乳／成x0702c;祥子什麼都做的巨乳家政婦	日本	30	0
40	義大利Proraso刮鬍泡綜合賣場	其他	350	0
41	日版Robot魂聖約鋼彈	機動戰士鋼彈	2000	0
42	TypeC全兼容快速充電線6A200公分快充充電線閃充傳輸線全系統支援數據線快充線E04A6	其他品牌	390	0
43	平井涼子日本制英國DAKS10D包芯絲高透膚絲襪151-1002	絲襪	250	0
44	滑鼠墊超大號快捷鍵大全電腦辦公邊桌墊學生寫字邊桌面鍵盤墊女快速出貨露天拍賣	其他電腦周邊設備	226	0
45	瘦子不要看x1f369;最大120公斤x1f49f;圓舞曲不作假大尺碼x1f49f;青澀歲月回到初戀學生服水手服x1f49f;加大尺碼制服誘惑角色扮演大碼性感睡	其他	388	0
46	HC-SR04超聲波模組測距感測器距離感測器支持Arduino51STM32210-03819	其他	40	0
47	HP240TPN-110514吋雙核筆電零件機詳看敘述	14吋	600	0
48	INTOPIC廣鼎JAZZ-TWE21超薄型真無線藍牙耳麥富廉網	無線耳機	799	0
49	現貨3本39包郵屢次想起的人沈大成腦洞超現實短篇小說書籍小行星掉在下午熱銷	其他	158	0
50	伊伊小舖ESTEELAUDER雅詩蘭黛特潤超導修護露7ml無盒裝單瓶特價199元	保濕精華液、露	199	0
51	川大泵浦鶴見牌50UT24S12HP渦流型污物泵浦不阻塞泵浦	其他機電五金	3900	0
52	HAPPY夏普遊戲王VB20-JP001五重魔術師金亮	遊戲王	500	0
53	快易購GHK-M4GBB專用彈匣含彈嘴出氣橡皮原廠零件M4-M-04	其他合法改裝套件	150	0
54	魚干書坊文學西夏旅館：上下駱以軍印刻初版	文學小說	640	0
55	KK代購空運預購LoveLiveAqoursVillageVanguard合作娃娃	國際代購/代買	535	0
56	代售幽游白書炎之絆彩色漫畫東立自有書	動作冒險	700	0
57	宅av※歐美精選系列※_E09848_CorruptSc	歐美	30	0
58	改變人生的綜合免疫力小野9787201163840台灣高教簡體書	人際關係	299	0
59	遇見好物車載手機架導航支架樂益車載手機支架中控臺粘貼吸盤式橫豎出風口通用型旋轉卡扣支架	支架	299	0
60	現貨免運不用等日本美乳乳交自慰器人x06c17;繪師生感触C罩杯柔軟美乳-672120∴縱情密碼∵	半身型	1360	0
61	BRISK純銀芯火星塞AR10ZSCR9EAR12ZSCR7ECR8E	火星塞	850	0
62	全新現貨變形金剛卡通版G1MP-52MP52驚天雷雷公裂雷天王星20可動完成品	變形金剛	5499	0
63	迷你電腦桌簡約現代書桌經濟型小臺式辦公桌可移動雙層桌子家用	電腦椅	3990	0
64	HGUC1144吉姆GM鋼彈系MK2聯邦軍通用火箭筒	機械科幻	80	0
65	可超商付款販售愛情騰訊100Q弊QQ弊花樣直播小說文學網會員音樂充值儲值代充	其他	490	0
66	LMH6643LMH6643MALMH6643MAXSOP8封裝滿包郵全新原裝熱賣218-02330	其他	10	0
67	animate限定套組代購21090689世界計畫彩色舞台feat初音未來公式VisualFanBook特典磁鐵	畫冊	2100	0
68	高級鼠龍全套	其他	100	0
69	鹽羅王LAISANG賴桑系列30ml小油大油	其他	600	0
70	全新THEIDOLMSTER偶像大師SQ島村卯月公仔SQ景品	日本景品	300	0
71	NDS日版GAME薩爾達傳說：夢幻沙漏42033592	其他類型	120	0
72	玩具總動員樂高LEGO美高MEGABLOKS戰隊DPG69神偷奶爸小小兵特殊造型積木公仔騎士裝甲奴才五佰九十一元起標	套裝盒組	591	0
73	大謙我的少女時代那美好純真的少女時代青春總會因為一個人開始閃閃發亮！台灣正版二手DVD	愛情文藝	30	0
74	KenBarbieFBD63_動畫系列芭比娃娃_2017芭比與魔法海豚-芭比	娃娃 	450	0
75	DVD賣場綜藝節目志村大爆笑1987年	電視劇	980	0
76	藍海貴妻不好當全5冊白辛月球球二手書愛情小說I05	其他愛情小說	75	0
77	SD騎士鋼彈黃金神話13集完星野龍一	其他漫畫	1800	0
78	翔準軍品AOGFMA夜視鏡座黑墨魚干頭盔零件MICH頭盔夜視鏡架TB940-BK	其他軍用裝備、配件	160	0
79	2021全新電池Yuasa湯淺機車電瓶YTX4L-BS，同GTX4L，KTX4L同規格，50CC等機車可用	電池	355	0
80	楊媽媽x0306e;手工店芒果青六罐一組	其他食品	900	0
81	古今書廊二手書店中共海軍與能源安全isbn:97898630313673││國防部│九成新	軍事、國防	44	0
82	爆款客製50D高密度海綿泡棉訂製沙發墊子定做加硬加厚布藝飄窗墊紅木坐墊實木	其他	100	0
83	現貨JCWings1200空中巴士超級大白鯨BelugaA330-700LF-WBXL限量優惠	民航機	2930	0
84	挖寶二手片-Y109-070-正版DVD-電影露西亞離開之後-泰莎依亞小孔薩羅維加塔瑪拉亞茲貝直購價	劇情	50	0
85	刑事訴訟法研析下作者：黃博彥黎律師-----2本免運費任買5本再折扣50元	國家考試	515	0
86	暖風機取暖器冷熱兩用110V專用省電暖風機搖頭取暖器家用浴室烘衣速熱電暖氣片立式冷暖兩用風扇電熱取暖器免運	暖風機	799	0
87	新娘皇冠頭飾皇冠髮飾凡妮莎新娘飾品歐式奢華黑鑽皇冠新娘頭飾新娘髮飾婚紗禮服配件	頭飾	490	0
88	正品買二送一酸棗仁丸酸棗仁膏百合草本膏茯苓睡眠茶助眠失眠深度睡眠安神膏安神助眠保健食品零食家	其他食品	320	0
89	icshopping_com橋式2A800V圓形2W08M3680107000096	其他	5	0
90	FordNEWKUGASTLine原廠手機無線充電止滑墊FocusMK4通用更好用	其他汽車百貨	280	0
91	古今書廊二手書店因為想你所以寂寞草莓甜心李盈儀│匯展│八成新9789869344111	其他	250	0
92	好管家食品級硅膠油刷披烙餅燒烤蛋糕廣式月餅油刷子烤箱工具家用一杯酒	其他	229	0
93	廠家直銷骨架油封TC324042434445474850525781012	其他	205	0
94	24H出貨精密陶瓷鑷子耐高溫夾持鑷子耐酸鹼腐蝕絕緣維修夾持工具黑色柄陶瓷鑷子陶瓷夾直尖頭彎頭抗氧化	其他五金工具	79	0
95	台聖出品–熱帶雨DVD–楊雁雁、許家樂、李銘順主演–全新正版	其他電影	269	0
96	美津濃MIZUNO最新上市排球鞋羽球鞋WAVELIGHTNINGZ6型號V1GA20002532	羽球鞋	2580	0
97	台中黑殿戰魂BS鋼彈CB13-040AEUx030a4;x030ca;x030af;x030c8;x0ff3b;x030c7;x030e2;x030ab;x030e9;x030fc;x0ff3d;C	其他紙牌遊戲	20	0
98	藍光BD-屍變TheEvilDeadBD-50G-恐怖經典中的經典	劇情	630	0
99	橡膠警示柱PU彈力柱塑料反光柱停車樁警示樁道路隔離樁	其他	90	0
100	連體彈性半包椅子套電腦椅罩凳子套辦公椅扶手套罩加厚松緊扶手套電腦轉椅辦公室椅子彈力把手套	其他家庭雜貨 	173	0
101	現貨角川畫冊C98Re:從零開始的異世界生活ArtFanBook2020春愛蜜莉雅艾姬多娜雷姆	其他	600	0
102	Ordnance12GEARSECTOR鋼製QD背帶環組	槍背帶/槍托	200	0
103	度度鳥超清新水性色鉛筆隨手畫10000例大全｜療癒你的生活無極限│碁峰│飛樂鳥工作室│全新│定價：299元	插畫	236	0
104	葛莉絲襪舖棉質白色黑色紅色膝上襪大腿襪長統襪棉襪，cosplay絕對領域女僕必備，不透膚款	長襪	95	0
105	窗簾免打孔安裝臥室遮光布簡易陽臺遮擋成品2021年新款出租屋房大哈小鋪	其他	178	0
106	啟元唱片劉若英RENE聽說有紙盒小冊一處輕微細紋	女歌手	238	0
107	滿300出貨88級六角螺母129級發黑螺絲帽高強度螺帽M2M3M4M5M6M8M10M12M36	其他五金工具	14	0
108	日韓創意草莓牛奶蘋果XSMaxiphoneXR678plus手機殼	手機保護殼	348	0
109	性感蕾絲眼罩遮光害羞眼罩誘惑SM調情綑綁手銬情趣用品神祕嫵媚激情綁手手圈情人節特殊節日刺激男朋友B14	眼罩/眼貼	90	0
110	UZ文具批發中心DIY釹鐵硼強力磁鐵小筒1入長15寬15厚度25mm＊全省配送	磁鐵	35	0
111	機動戰士鋼彈桑1-6官方FANBOOK俗語新解鋼彈桑共8本大和田秀樹角川八成新、無劃記、無章釘、Z2808	其他漫畫	560	0
112	現貨135ACADEMYUSMEDIUMTANKM3LEE坦克13206	軍事車輛	770	0
113	小荳樂高LEGO深灰色1x2x5磚塊顆粒積木Brick42110752454	零件、配件	8	0
114	音響倉庫JCT台灣設計製造卡拉OK擴大機OK-979光纖同軸180W	綜合擴大機	9800	0
115	夢軍團多樣現貨日版AC2逸遊團Re:從零開始的異世界生活動漫桌墊卡墊艾姬多娜	收集卡	1600	0
116	全新直插電解電容50V330UF330UF50V1017MM1017179-02468	其他	2	0
117	小晴-覆面系NOISE1-11F1出租二手書│東立少女系列｜福山遼子	校園少女	260	0
118	汽車配件專用于09-12款老款RAV4改裝專用門碗裝飾亮條碳纖紋貼片門把露天拍賣	其他汽車百貨	745	0
119	高雄老宋牛肉麵台灣紀念票紀158C158蔣總統逝世週年紀念郵票2元信銷票2台灣屏東全戳美品	台灣郵票	15	0
120	FC日版GAME盒裝迷宮塔41820292	其他類型	200	0
121	仿真按摩棒A片巨星-Thor索爾超擬真海綿體觸感69吋粗大陽具強力吸盤活動關節	膚質擬真	400	0
122	東立DNA1-5全桂正和頭大大-漫畫八05AR2	科幻	150	0
123	工具屋含稅國光白鐵丁雙3×12mm304白鐵心單片售價不銹鋼鉸鏈後鈕活頁鉸鍊木門	其他五金工具	38	0
124	東京熱全台最大正版店日正版DVDRBD-999小泉x03072;x0306a;x0305f;◆新卒x03067;入社x03057;x03066;以x06765;x0305a;x03063;x03068;可愛x0304c;x03063;x03066;x0304d;x0305f;部下x0306b;x0604b;人x0304c;出x06765;x0305f;	日本	450	0
125	含稅開發票EDIMAX訊舟EW-7438RPnAirN300Wi-Fi無線訊號延伸器WiFi延伸加強	電競滑鼠	599	0
126	電之光朝日光電LED牛奶燈絲燈泡65W等同60W鎢絲燈泡燈泡色E27	燈泡、燈管	199	0
127	牌塔WSLSSW45-085C小原鞠莉LoveLiveSunshineAquors紙牌	其他紙牌遊戲	10	0
128	CardTube卡族4070915FOTB-JP018遊戲王銀普卡∼天空之使者傑拉迪亞斯	遊戲王	10	0
129	內褲男三角褲超薄全透明冰絲潮流個性騷透氣3D無痕U凸速干短褲衩	三角褲	49	0
130	冰桶玻璃保溫紅酒啤酒冰桶家用KTV酒吧大小號歐式冰塊香檳桶冰粒桶	其他	407	0
131	現貨保險絲取電器無端子款	其他汽車百貨	10	0
132	跩哥用碟盤	其他	1600	0
133	≡鋼彈王≡3M02600夭壽細海棉砂紙12001500SandingSpongeMicrofine	組裝、修補工具	40	0
134	熱銷可開發票x1f387;牙縫自補門牙牙縫補神器填充無縫臨時牙齒假牙門牙縫自補自己補牙	其他	134	0
135	oppowatch保護套oppo手錶保護殼watch保護套41mm殼全包透明防摔46mm保護套TPU保護殼	其他	259	0
136	日本TamaToys＊白濁本x06c17;汁膣內分泌潤滑-600ml	潤滑液	298	0
137	初花農場造型壽娘子35吋盆盆景----定價240特價200	花苗、樹苗	200	0
138	逸嵐－羽毛魚翅／600g／滿1800免運／上等魚翅／羽毛翅／魚翅／送禮／年菜／熬湯／年節禮品／禮盒／冷凍食品／海鮮	魚	699	0
139	SKY台灣GS統力GTX7ABS7號機車專用密閉型電池電瓶	其他機車零組件	470	0
140	平山液晶維修全新HERANHD-42DC1液晶電視LED燈條6922L-0016A保固3個月	電視維修零組件	400	0
141	統計學的思路理論與應用黃旻華五南9789571193519書況佳2017年初版8G多二手書	大專、大學用書	300	0
142	日本販賣通代購BEBOYGOLD2022年2月號封面特集:山根綾乃	期刊、雜誌	330	0
143	綠專家-實驗室化學器材專賣-NIKOO拭鏡紙50張包	其他	50	0
144	二手免運日版wiifit平衡板已測已清潔自用少用附保護套	控制器、周邊配備	1000	0
145	漢斯模型餘量5月預約免訂金Phat少女前線STAR-15PVC	其他	5280	0
146	日版＊ANIPLEX＊萬聖節紙膠帶全7款單售迪士尼扭曲仙境2112月發售1107	其他	300	0
147	高雄店面好市多kguard廣盈科技DIY2T硬碟8路主機200萬畫數監視器套裝組7支攝影機保固一年	監控攝影機	10900	0
148	HPG42零件機	其他	300	0
149	蘇軾思想研究	其他	280	0
150	iPhone13iPhone13ProMax韓國RingkeONYX防撞手機殼軍規保護殼防摔皮套	手機保護殼	499	0
151	sm穿戴陽具超大粗假陰莖女用品肛塞內褲男用自慰器外出成人性工具包裝隱秘	其他	299	0
152	自行車後座墊加厚帶靠背山地車載人貨架座墊防水兒童座椅扶手後置	其他	450	0
153	年盈水超市飲水機專用冰溫熱上半部金屬水龍頭，每一個250元	其他廚房小家電	250	0
154	日韓服飾=夏季防曬衣女洋氣漏肩雪紡衫印花外套名族風外搭披肩薄款=防曬衣外套夾克飛行衣風衣夏季防紫外線	防風外套	93	0
155	RELX悅刻正品店煙彈一代一盒3入台灣現貨SP2S口味齊全尼古丁大煙油小煙油	其他	290	0
156	萬隆達遊戲王SD33-JP003海洋歸檔員亮面	遊戲王	10	0
157	^^上格生存遊戲^^HNSniperMagnum55mm250入鉛彈喇叭彈	BB彈/彈匣	450	0
158	教育心理學現代心理學-張春興著-2本159元-整套書籍→無打折	大專、大學用書	159	0
159	液態矽膠睡眠耳機入耳式有線舒適無痛睡覺專用側睡適用華為oppo不壓耳隔音降噪高音質type-c耳塞式Remax	其他	360	0
160	保留	合輯或其他	10	0
161	小海豚電動車改裝電動自行車電機高速電機24v250w電機MY1025	其他零組件	690	0
162	裸鑽夾裸石夾短夾	金工、蠟雕用品	100	0
163	PS日版GAME恐怖校園再會　探索編41571910		550	0
164	書影集散1輯6折360台灣文學有聲冊拋荒的故事第二輯2CD書	其他	360	0
165	適用GV-N640OC-2GIGTX550TiN550D5-1GIGTX650Ti顯卡風扇星達	其他筆電周邊	300	0
166	威廉x030fb;歐康納幻獸藝術誌龍族百科中文版	圖案設計	280	0
167	AS新品彩虹瓶光撩膠60色0130賣場甲油膠光撩指甲油美甲工具材料貓眼膠彩繪膠凝膠延長碎鑽膠C3-36	指甲油	44	0
168	不銹鋼掛x0920e;烤漆附螺絲J型勾甲板鉤掛勾吊鉤吊勾大下標區	其他	20	0
169	天地通訊KINGG27SMTOM68S共用原廠配件原廠電池限量供應※	其他品牌	390	0
170	尊爵樹懶遊戲王YU-01黑魔導女孩舊版亮面96分	遊戲王	85	0
171	日貨王日版金證七龍珠MAXIMATIC孫悟空黑景品非GrandistaG-ROS	七龍珠系列	260	0
172	遊戲王FLOD-JP032鐵騎龍狄亞馬特金亮	遊戲王	9	0
173	空氣鳳梨TillandsiaArgentea白毛毛	庭院、花草園藝	80	0
174	XinQi遊戲王DT01-JP004搗蛋小黃普卡點鑽機台卡	遊戲王	29	0
175	樂遊wow褪色RC02-JP000青眼亞白龍雷射	遊戲王	1000	0
176	阿事的店C9908外貼式冷氣機除塵濾網分離式冷氣機除塵濾網冷氣濾網空調濾網窗型分離式皆適用	配件耗材	23	0
177	中國宗教藝術大觀1-5集合售550元民70年5月初版-絕版書→無打折	佛教	550	0
178	百靈歐樂-BMD20沖牙機	沖牙機	1440	0
179	陽光桌遊多功能骰盤收納盤一包2個三種顏色桌遊周邊桌遊配件	桌遊系類	180	0
180	美國Amazongiftcard亞馬遜商品卡禮品卡點數卡禮物卡100元禮品卷代購代買代拍	代購、代賣	3000	0
181	古文物說不完的故事罕見藏族民間故事DW露天205811說不完的故事罕見藏族民間故事DW王堯編譯青海民族出版社	古書善本	1140	0
182	台灣現貨抽屜收納盒透明收納盒階梯式收納盒整理盒收納盒小儲物櫃BE1003	收納盒	85	0
183	S3M432PU側皮帶SERPENTMRXRAZOR2	引擎、車組零件	450	0
184	生財閨女1-6全藍海小說作者：水波超級賣二手書	其他愛情小說	168	0
185	漫天說地大販店1103NO04611CCCG家庭教師第11彈∼六道骸2010年遊戲普卡每枚0元尚有1枚庫存	其他紙牌遊戲	10	0
186	高窗ISBN:9577085687│麥田│雷蒙？錢德勒│些微泛黃		120	0
187	現貨代理日版戰鬥陀螺BURSTB-121B121超Z三對三改造組單售危機魔犬7At地獄三頭犬全新	戰鬥陀螺	200	0
188	現貨速出美國華爾電推剪潤滑油120毫升推子專用油理發器大瓶剪刀油保養油7月12日發完	其他品牌	89	0
189	再生俠閃靈悍將SPAWN1997	動作	60	0
190	屋頂防水補漏材料平房樓頂房屋漏水丁基自粘卷材強力止漏貼紙膠帶	布料、布飾用品	217	0
191	聚吉小屋屋家用手提食品加厚半透明刻度桶帶水龍頭耐酸堿醫院實驗室大圓桶蓋下標聯繫客服閥門配件水桶水箱收納	其他	504	0
192	PandashopDT07-JP045時限解除點鑽	遊戲王	29	0
193	YTTY-遊戲王DP26-JP031海晶乙女藍寶石女孩亮面	遊戲王	480	0
194	MasterTools-鑽頭組Set210-17mm09955	組裝、修補工具	135	0
195	瑪雅家搞笑版天道酬勤掛畫唐寅書法字畫辦公室書房裝飾畫絲綢捲軸畫送禮	其他	590	0
196	RANGEOMATUC反曲弓專用捲羽片射箭隊射箭團體射箭器材反曲弓傳統弓	其他戶外用品	350	0
197	短線跟莊實戰技法全新版曹明成,譚文著金融經管、勵誌新華書店正版圖書籍機械工業出版社	其他	333	0
198	馬克兔x02122;萬代BANDAIMG00斬擊強化模組00XNRaiserOO鋼彈	1:100	1839	0
199	軍事級防摔殼華碩ROGPhoneIIZS660KL第二代I001DROG2保護套鋼化玻璃貼現貨	ASUS	80	0
200	叢雲自賣聖遺物古遺物牌組牌料	遊戲王	600	0
201	燒毀二手的木人偶購買條件:自己要用	其他	10	0
202	單車元素零碼特價出清LAZERBLADEAF安全帽消光藍M5559cm亞洲頭型	安全帽	2500	0
203	萬隆達﹡CSOC-JP05518TP-JP111具現化	遊戲王	5	0
204	滿199免運貼片電感470UH標471功率電感磁遮罩電感121275只包E7A3188-06702	其他	29	0
205	愛麗絲卡舖DE03-JP084爆裂獸普卡	遊戲王	95	0
206	灰流卡套	遊戲王	550	0
207	西裝外套1612吋人偶用	服裝	140	0
208	iCshop13號4個電池盒輸出6V3680905000090BatteryBox,附引線,AA,4節	其它	14	0
209	雲品二馬紹爾群島MarshallIsland1985ScC1-2Bird鳥禽setMNH庫號B52957829	紐澳郵票	36	0
210	今日小舖PAC1-jp036形式傳送白鑽	遊戲王	1200	0
211	早期糕模糕印粿印餅印餅模1限會員qq1699下標八角型7個圖案長約483CM懷舊擺飾	雕刻藝術	750	0
212	ALG卡牌專門C18指揮官禮盒2018WildGrowth野地叢生英文	魔法風雲會	30	0
213	鹿角蕨三角交象耳蝙蝠俠寬葉銀毛	花苗、樹苗	235	0
214	今夏爆款蚊帳18m15米床家用免安裝1220床幔圓吊頂加密厚加大雙人	其他家庭雜貨 	1980	0
215	SONYEC801803原廠傳輸線充電線USBHTCSAMSUNGSONYLG└┬┐429號	SONY XPERIA	75	0
216	美兒小舖COSTCO好市多代購∼KIRKLAND零脂希臘式優格907gx2罐	其他	10	0
217	Powerstar動力星WEGLOCKG18C75號零件	其他合法改裝套件	60	0
218	WooF防水貼紙潮流貼紙裸女花木蘭個性貼紙美式貼紙行李箱貼紙安全帽貼紙惡搞貼紙車貼滑板PVC	貼紙 	20	0
219	萬吉號跳水>AfvclubWQT001Q版二戰德軍4號戰車D型	軍事車輛	199	0
220	現貨未組裝PB限定RG1144獨角獸3號機鳳凰	1:144	4300	0
221	JenniferLopez珍妮佛洛佩茲愛嗎紙盒精裝580700009374再生工場02	女歌手	198	0
222	新自強cardfightVanguardVG卡片戰鬥先導者單卡:BT10023R寶石騎士布理茲米15元	其他紙牌遊戲	15	0
223	就是愛玩玩具代理版景品SEGASPM鬼滅之刃無限列車猗窩座上弦三現貨供應	日本景品	399	0
224	掛著賣書舖緣起不滅張曼娟皇冠叢書微泛黃	其他	15	0
225	小膜女粉紅燈膜300一卷改色燈膜燈殼保護膜卡夢貼膜犀牛皮透明膜歐規橘燻黑淺黑深黑大燈	汽車百貨	5	0
226	麥可倉庫機車精品日本原裝TANAX鯊魚照後鏡AOS4款保證真品後視鏡後照鏡kosomagazi	後照鏡	5500	0
227	＊卡比戰士＊BANDAI模型RG221144MSN-06S新安洲SINANJU	其他塑膠模型	870	0
228	EMC1:18118原廠VolvoXC60RechargeSUV2022金屬模型車	1:18	2000	0
229	APPSTOREA30DS14-JPM36貪欲之壺金亮	遊戲王	199	0
230	逛逛賣場遊戲王SR11-JP023妖醒龍幼生獄風神普卡	遊戲王	5	0
231	韓劇秘密花園／韓版精裝電視原聲帶2CD全新品炫彬／玄彬愛的迫降、河智苑醫療船、ost	電影、電視配樂	2980	0
232	布藝棉麻桌布小清新風北歐簡約純色長方形茶幾桌布餐桌布zh2868	其他燈具	672	0
233	J-buy日本製TOTOTCF4833AKSx2TBV03415Jx2forJamesliao1076	其他	100	0
234	SUBARUOUTBACK改裝保險杠15-18款傲虎專用前後杠下護板改裝防撞防刮護杠	其他汽車百貨	2250	0
235	Electricshock脈衝電擊超快感按摩貼	其他	243	0
236	Z1SC小舖>遊戲王CROS-JP088炎王的孤島普卡90分	遊戲王	40	0
237	X46Z素體館白人款16雙球狀腳踝插銷一對大小球	其他	100	0
238	二手裸片CD朱宗慶打擊樂團附設學校專修班12有聲教材G48>	古典音樂	50	0
239	強力磁鐵便利店強力磁鐵-直徑8厚度15mm	磁鐵	5	0
240	璐璐平價鋪x03016;電競遊戲耳機x03017;藍芽耳機倍客維游戲藍芽耳機無線電競低延遲超長待機續航安卓蘋果華為專用	無線耳機	1798	0
241	代理版一番賞五等分的花嫁五等分的新娘x0222c;BrideStyleD賞中野四葉公仔	其他	1250	0
242	開立發票電熱水壺家用熱水壺304不銹鋼2200W自動斷電17L大容量高硼砂玻璃開水壺燒茶水器110V	其他家庭雜貨 	799	0
243	有劃記請先確認生命的尊嚴：透析哈萊姆東區的快克買賣第二版菲利普？布儒瓦北京大學出版社	社會學	120	0
244	新自強2寶可夢PTCG中文版AS6a184196混沌之潮漩U	紙牌週邊	230	0
245	死亡擱淺珍藏版全新未拆BBDeathStrandingPS4死亡之絆	動作冒險	5990	0
246	Fitek健身網10KG電鍍槓片2片x02728;10公斤槓鈴片2個x02728;暑期特價x02728;舉重重量訓練重訓x02728;運動健身電鍍片	啞鈴、舉重槓片	1760	0
247	清潔軟膠車內裝飾粘多功能除塵泥車載神器汽車用品大全內飾黑科技	其他汽車精品	160	0
248	滿300發貨雨傘ins口袋傘晴雨兩用黑膠五折傘自動防紫外線韓版日系木柄碎花雨傘	其他	242	0
249	現貨限時性感低腰蕾絲內褲女冰絲一片式無痕內褲透氣純棉襠大尺碼三角褲舒適無痕丁字低腰三角褲	其他內褲	116	0
250	B-智子x05416;！惠普HPZBookStudio15G5G6散熱風扇L30894-001L30895-001	風扇式	900	0
251	現貨滿180元發貨小4pin轉SATA公頭電源線SATA轉軟驅4P母轉15P公SATA轉小4Pin電露天	其他	49	0
252	維修佬高活性助焊膏免洗銲接維修手機電腦電子元件環保儀器銲接	其他	730	0
253	代購｜同人誌2021九龍怪案｜-451-｜刀劍亂舞｜三日鶴｜小說｜簡體中文｜預購非現貨	代買、海外代購	530	0
254	火車軌道配件R-10圓形軌PLARAIL鐵道王國55190	其他比例	159	0
255	滿199免運尖嘴鉗帶彈簧鉗子玉佳電子E3B1188-05240	其他	55	0
256	圓夢補給站臺灣製15pc-螺旋式凸軸防脫六角頭螺絲破壞拆螺組防脫套筒反牙螺絲攻	其他五金工具	850	0
257	益成自動>4P30A引掛式橡膠中間插頭480VLK8434B	電子電工工具	1177	0
258	任天堂NINTENDOSWITCHNSSANDISKTF128GMICROSD記憶卡台灣公司貨台中	周邊配備	845	0
259	夢軍團多樣現貨武士道Vol963請問您今天要來點兔子嗎？動漫卡套優惠絕版卡套桐間紗路1包60張	收集卡	280	0
260	可面交古老街賣場火箭筒誘餌籠長型孔-小中大大大火箭筒誘餌籠誘餌籠釣魚釣具	其他釣魚裝備	15	0
261	x1f388;三福牌x1f380;純棉高腰女士三角褲x1f9e1;輕鬆舒適涼爽媽媽褲高腰褲熟女最愛	三角褲	80	0
262	LGv20鏡頭金屬框現貨不必等	手機配件	150	0
263	小七新品多肉氣吹電動吹水神器電腦清灰水珠電動強力專用除塵工具相機清潔鏡頭塵吹器小型吹塵吹塵器	其他	2510	0
264	M27M30M3320129級高強度細牙外六角螺絲釘加硬細絲螺栓發黑	其他	210	0
265	卡司魔遊戲王LTGY-JP045　臂鎧射手　日文亮面804快子銀河之王LTGY	遊戲王	39	0
266	小謙單車全新X-FREE美式塑膠氣嘴蓋美嘴蓋自行車、腳踏車氣門嘴帽、機車氣門帽、汽車輪胎嘴防塵蓋、防塵帽	其他用具	1	0
267	AI電子全銅加粗DC5521MM公轉母插頭電源線DC監控延長線15米	電子零件、材料	45	0
268	電子刷卡水表家用智能數字插卡式DN50數字顯示干式ic智能磁卡水表sszz	其他	1554	0
269	密斯特喬預購4-5月日本向上委員會PMKJ014精細作業用遮蓋膠帶切割器	組裝、修補工具	469	0
270	◆LCH◆正版DVD變臉-斷箭-約翰屈伏塔、世貿中心-尼可拉斯凱吉買三項商品免運費	動作	138	0
271	含稅附發票加購好禮小米BM3F小米8Pro小米8探索版原廠電池	小米	205	0
272	30MA5V太陽能電池板太陽能滴膠板DIY太陽能板5330MMjd	其他	69	0
273	汽車置杯架29元杯架汽車飲料架折疊杯座車杯架汽車杯架車用飲料架側門杯架車內水杯架，車用門邊杯架飲料架	飲料架、置物架	29	0
274	Helikon-texMO-O10-CD-02WATERCANTEENPOUCH	其他軍用裝備、配件	900	0
275	7-11史努比snoopy好生活造型保溫保冷袋現貨囉	其他	399	0
276	ALG卡牌專門OGW守護者誓約FoilCaptainsClaws閃隊長利爪英中俄羅斯文	魔法風雲會	25	0
277	賤賣小舖WPP2-JP049瓔珞帝華花貝母亮面	遊戲王	39	0
278	大自在含稅附發票VICTOR羽毛球勝利勝利牌羽球比賽球比賽級B-01NNEWCHAMPION	羽球	650	0
279	SC小舖>WIXOSSWXK10-015Px030b5;x030dd;x030fc;x030bf;x030fc;鈴原x0308b;x0308b;LC閃卡	其他紙牌遊戲	800	0
280	中鋼熊愛台灣股東會紀念品螺絲起子工具組	其他家庭雜貨 	149	0
281	中日機械五金手搖式瓦斯切管器氧氣乙炔切割切管器手搖式切管TKS-168	其他五金工具	2800	0
282	哈哈商城台灣製福牌無毒不沾雙耳烤盤炒鍋鍋具爐具料理碗盤碗筷平底鍋烤肉	炒鍋、不沾鍋	700	0
283	搖擺日雜全新現貨正版代理版一番賞哥吉拉對金剛F賞頭雕哥吉拉真哥吉拉基多拉凱文磁鐵公仔景品	卡漫收藏	500	0
284	御宅族T-Arts代理轉蛋扭蛋精靈寶可夢排隊做體操公仔全5種現貨果然翁可達鴨波克比魔牆人偶	神奇寶貝系列	250	0
285	HuGaGa收納館x02122;KEYWAYRC620大橫綱椅多件享優惠聯府承重量100kg外出椅烤肉野餐台灣製造	庭院休閒桌椅	140	0
286	量多更便宜-16A6齒攪拌機飛機鑽風葉轉子風葉博大16A手電鑽08-16電機轉子風葉386026W1073-200	其他	37	0
287	森林二手書10907位I4快樂廚房11-煲仔菜鄭衍基台視文化	煲湯	35	0
288	附發票牧田makitaE-05452硬底耐磨手提工具袋510x295x280工具袋手提工具袋多功能工具包	其他五金工具	1575	0
289	台南益智行XboxOne戰爭機器5特別仕樣無線控制器現貨	控制器、周邊配備	2090	0
290	牌塔WS艦娘KCS31-062SSPSSP簽名榛名改二艦隊收藏紙牌	其他紙牌遊戲	1500	0
291	a1230921訂2件	紫砂壺	2500	0
292	世界大牌鑄鐵製玉米餅壓模可當墨西哥玉米餅機蔥油餅壓模蔥油餅壓皮機玉米餅壓皮器玉米餅壓皮機0直購	其他	660	0
293	度度鳥回到起點1│東立紫界│x03044;x03061;x0304b;x0308f;x058f1;│定價：140元	BL系列	119	0
294	OK動漫123380黏土人1524波風湊	其他	1350	0
295	DSC德鑫-台灣15米高壓風管輪座耐用型風管捲揚器另有10米風管輪座月底前購買德國5w50機油96瓶就送您1只	其他汽車百貨	4200	0
296	曬衣網曬衣網晾衣籃子涼晾衣網兜毛衣平鋪家用架晾襪子神器雙層聖誕節	其他	257	0
297	編號32-歐洲合唱團-倒數計時-Europe-TheFinalCountdown進口版CD近全新>	CD	300	0
298	24H出貨加拿大輔x09176;Q10-100毫克，60顆軟膠囊Naturalfactors優沛康	其他	465	0
299	芊宸百貨類18650電池收納盒鋰電池收納盒保存盒16430電池盒放置盒儲存盒收納盒台灣現貨18350	生活雜貨	4	0
300	高雄轉交廚LVP2-JP086PSY裝甲領主Λ亮面	遊戲王	9	0
301	愛郵者〈空白首日封〉66年世界反共聯盟第十屆大會紀162EC66-5	台灣郵票	3	0
302	＊無敵搭配＊STR-PROWASH強力撥水劑防霧劑極萬用汽車機車安全帽防水零死角↗效果看的見	其他清潔用品	529	0
303	日本販賣通代購動畫ufotable鬼滅之刃插圖紀錄集畫集壹x058f1;	畫冊	470	0
304	日本百貨NOBEL諾貝爾男梅嚼糖袋裝35g硬軟糖梅乾糖日本糖果拜拜濃厚梅干糖日本進口	其他	55	0
305	又昇樂器音響超值免運Elixir全系列同型號三包NanowebOptiwebPolyweb電吉他弦	其他	1320	0
306	瑋庭五金聚利五金採果網摘果網單肉客製裝柄36米伸縮固定柄隨心所欲豪方便！	庭院、花草園藝	80	0
307	林老師琥珀坊1174克雞油黃蜜蠟無事牌吊墜053	墬子	3600	0
308	特價鷹爪行動風雲者三防戰術褲-灰綠色-OECPAT-3PRF-SG系列	休閒長褲	1600	0
309	白>PAC1-JP016灰流麗亮面日紙	遊戲王	210	0
310	紀寶勃肯鞋包頭拖鞋拖鞋輕便鞋室內鞋室外鞋台灣製造	其他	189	0
311	素心模型HGRGMG11441100造型手改件1包8只4對現貨	1:100	50	0
312	葉阿罵的日本製老懷爐	其他	640	0
313	現貨yoki黑檀實木壺承茶承壺托養壺墊茶壺墊干泡茶臺底座隔熱防滑紫砂壺托	餐、桌墊	430	0
314	不要香菜、芹菜4010公分連續印章、食品客製化印章特價每個：120元	印章 	120	0
315	子甄x05f63;璟乾武寶劍正品標準太極劍不鏽鋼龍泉寶劍太極拳武術用品晨練練習劍表演劍未開刃	劍擊/劍道	2990	0
316	Type-C轉換線Type-C轉換線轉換線轉換線材手機配件八八八e網購	其他品牌	119	0
317	現貨一日達免運發票按摩棒跳蛋自慰棒保密發貨自慰器情趣用品自慰女用按摩棒成人用品	其他	599	0
318	現貨三星Samsung，Galaxy，A60，透明翻蓋手機殼，立式電鍍鏡面殼，SM-A606Y，後蓋保護殼，防刮耐	其他品牌	590	0
319	4xxxxxxxxn下標區	其他品牌	10	0
320	SPDS-JP006D-HERO神聖小子亮面	遊戲王	999999	0
321	櫻花瑪瑙CherryBlossomAgate裸石蛋面墜子吊墜戒指-沐炫	其他	140	0
322	296566C倉庫天線座SMA-KE直頭正腳型外螺內孔直插SMA座W2-1296566	其他	5	0
323	北港9號新花生可以現吃喔！	果乾、堅果、零食	89	0
324	館前工具直三通-三通直三通單手直三通JZ直三通	其他五金工具	150	0
325	=凈心=開光貴人符三角符護身符單層平安護身符	其他	10	0
326	363011C倉庫RY-106S圓形三隻腳船形開關LED檯燈DIY射燈配件W313-191210363011	其他	4	0
327	AC草影侏儒橘螯對蝦CPO噴點型一對對蝦螯蝦觀賞蝦	其他用品	280	0
328	遊戲王LVP3-JP092冰之魔妖雪女銀字P23985新會換新卡套	遊戲王	7	0
329	GammaRay-HellYeahTheAwesomeFoursome2枚組全新	重金屬	240	0
330	烈馬驛站112STBYamahaPW501981Spark樹脂	摩托車金屬模型	1950	0
331	三色中文鍵盤貼紙高品質注音倉頡PC個人電腦NB筆記型電腦電競鍵盤繁體防水通用注音貼紙qs	其他	15	0
332	WII日版GAME新超級瑪利歐兄弟Wii41468104	其他類型	180	0
333	台灣製威士忌大冰球組一次3球冰球組威士忌冰塊威士忌冰球冰球製冰盒結冰盒冰塊冰塊盒	其他廚房用品	49	0
334	多多熊雜貨舖展示品銀魂GEMmegahousex05742;田銀時萬事屋日版	日本景品	1000	0
335	ALG卡牌專門CN2詭局:王權爭霸SovereignsRealm君臨全城日文	魔法風雲會	20	0
336	二手商品Switch遊戲NS美國職業籃球NBA2K20中文版板橋魔力	運動	490	0
337	光頡viking1%0603貼片電阻包128值格常用電阻樣品盒樣品本樣品包	其他電腦周邊設備	3492	0
338	臺灣製鈦合金多功能萬用煎烤盤34cm附寬邊玻璃蓋當解凍盤燒烤悶燒熱炒無塗層可用鐵鏟非不沾鍋	平底鍋	890	0
339	tendTPWB5-L73ROG積層式警示燈TOWERLIGHT紅橙綠蜂鳴器24VACDCLED	控制器	1080	0
